.claude/modules/development/adapt.md,adapt.md,adapt
.claude/modules/development/auto-docs.md,auto-docs.md,auto-docs
.claude/modules/development/auto-testing.md,auto-testing.md,auto-testing
.claude/modules/development/claude4-compatibility.md,claude4-compatibility.md,claude4-compatibility
.claude/modules/development/code-review.md,code-review.md,code-review
.claude/modules/development/command-template.md,command-template.md,command-template
.claude/modules/development/COMPONENT_COUNTING.md,COMPONENT_COUNTING.md,COMPONENT_COUNTING
.claude/modules/development/context-prime.md,context-prime.md,context-prime
.claude/modules/development/deterministic-routing.md,deterministic-routing.md,deterministic-routing
.claude/modules/development/documentation.md,documentation.md,documentation
.claude/modules/development/domain-classification.md,domain-classification.md,domain-classification
.claude/modules/development/domain-documentation.md,domain-documentation.md,domain-documentation
.claude/modules/development/domain-specific-validation.md,domain-specific-validation.md,domain-specific-validation
.claude/modules/development/feature-workflow.md,feature-workflow.md,feature-workflow
.claude/modules/development/framework-configurator.md,framework-configurator.md,framework-configurator
.claude/modules/development/init.md,init.md,init
.claude/modules/development/intelligent-prd.md,intelligent-prd.md,intelligent-prd
.claude/modules/development/intelligent-routing.md,intelligent-routing.md,intelligent-routing
.claude/modules/development/iterative-testing.md,iterative-testing.md,iterative-testing
.claude/modules/development/module-template.md,module-template.md,module-template
.claude/modules/development/multi-agent.md,multi-agent.md,multi-agent
.claude/modules/development/mvp-strategy.md,mvp-strategy.md,mvp-strategy
.claude/modules/development/persona-customization.md,persona-customization.md,persona-customization
.claude/modules/development/persona-manager.md,persona-manager.md,persona-manager
.claude/modules/development/phase1-completion-summary.md,phase1-completion-summary.md,phase1-completion-summary
.claude/modules/development/phase1-test.md,phase1-test.md,phase1-test
.claude/modules/development/phase2-completion-summary.md,phase2-completion-summary.md,phase2-completion-summary
.claude/modules/development/phase2-test.md,phase2-test.md,phase2-test
.claude/modules/development/phase3-completion-summary.md,phase3-completion-summary.md,phase3-completion-summary
.claude/modules/development/phase3-test.md,phase3-test.md,phase3-test
.claude/modules/development/prd-core.md,prd-core.md,prd-core
.claude/modules/development/prd-generation.md,prd-generation.md,prd-generation
.claude/modules/development/project-initialization.md,project-initialization.md,project-initialization
.claude/modules/development/prompt-engineering.md,prompt-engineering.md,prompt-engineering
.claude/modules/development/README.md,README.md,README
.claude/modules/development/reproduce-issue.md,reproduce-issue.md,reproduce-issue
.claude/modules/development/research-analysis.md,research-analysis.md,research-analysis
.claude/modules/development/task-management.md,task-management.md,task-management
.claude/modules/development/TRANSPARENCY_PROTOCOL.md,TRANSPARENCY_PROTOCOL.md,TRANSPARENCY_PROTOCOL
.claude/modules/development/validate.md,validate.md,validate
.claude/modules/development/VERIFICATION_SYSTEM.md,VERIFICATION_SYSTEM.md,VERIFICATION_SYSTEM
.claude/modules/meta/adaptive-customization.md,adaptive-customization.md,adaptive-customization
.claude/modules/meta/adaptive-router.md,adaptive-router.md,adaptive-router
.claude/modules/meta/compliance-diagnostics.md,compliance-diagnostics.md,compliance-diagnostics
.claude/modules/meta/context-aware-module-generator.md,context-aware-module-generator.md,context-aware-module-generator
.claude/modules/meta/continuous-optimizer.md,continuous-optimizer.md,continuous-optimizer
.claude/modules/meta/framework-auditor.md,framework-auditor.md,framework-auditor
.claude/modules/meta/governance-enforcer.md,governance-enforcer.md,governance-enforcer
.claude/modules/meta/human-oversight.md,human-oversight.md,human-oversight
.claude/modules/meta/intelligent-failure-recovery.md,intelligent-failure-recovery.md,intelligent-failure-recovery
.claude/modules/meta/meta-evolve.md,meta-evolve.md,meta-evolve
.claude/modules/meta/meta-fix.md,meta-fix.md,meta-fix
.claude/modules/meta/meta-govern.md,meta-govern.md,meta-govern
.claude/modules/meta/meta-optimize.md,meta-optimize.md,meta-optimize
.claude/modules/meta/meta-review.md,meta-review.md,meta-review
.claude/modules/meta/multi-agent-swarm-orchestrator.md,multi-agent-swarm-orchestrator.md,multi-agent-swarm-orchestrator
.claude/modules/meta/performance-optimizer.md,performance-optimizer.md,performance-optimizer
.claude/modules/meta/predictive-optimization-engine.md,predictive-optimization-engine.md,predictive-optimization-engine
.claude/modules/meta/recursive-architecture-analyzer.md,recursive-architecture-analyzer.md,recursive-architecture-analyzer
.claude/modules/meta/safety-validator.md,safety-validator.md,safety-validator
.claude/modules/meta/update-cycle-manager.md,update-cycle-manager.md,update-cycle-manager
.claude/modules/meta/workflow-optimizer.md,workflow-optimizer.md,workflow-optimizer
.claude/modules/patterns/atomic-operation-pattern.md,atomic-operation-pattern.md,atomic-operation-pattern
.claude/modules/patterns/codebase-analysis.md,codebase-analysis.md,codebase-analysis
.claude/modules/patterns/command-chaining-architecture.md,command-chaining-architecture.md,command-chaining-architecture
.claude/modules/patterns/command-module-atomic-delegation.md,command-module-atomic-delegation.md,command-module-atomic-delegation
.claude/modules/patterns/comprehensive-error-handling.md,comprehensive-error-handling.md,comprehensive-error-handling
.claude/modules/patterns/configuration-analysis.md,configuration-analysis.md,configuration-analysis
.claude/modules/patterns/configuration-management.md,configuration-management.md,configuration-management
.claude/modules/patterns/configuration-pattern.md,configuration-pattern.md,configuration-pattern
.claude/modules/patterns/conflict-resolution.md,conflict-resolution.md,conflict-resolution
.claude/modules/patterns/context-management-pattern.md,context-management-pattern.md,context-management-pattern
.claude/modules/patterns/context-preservation.md,context-preservation.md,context-preservation
.claude/modules/patterns/critical-thinking-pattern.md,critical-thinking-pattern.md,critical-thinking-pattern
.claude/modules/patterns/deterministic-execution-engine.md,deterministic-execution-engine.md,deterministic-execution-engine
.claude/modules/patterns/documentation-pattern.md,documentation-pattern.md,documentation-pattern
.claude/modules/patterns/domain-analysis.md,domain-analysis.md,domain-analysis
.claude/modules/patterns/duplication-prevention.md,duplication-prevention.md,duplication-prevention
.claude/modules/patterns/emergency-rollback-procedures.md,emergency-rollback-procedures.md,emergency-rollback-procedures
.claude/modules/patterns/enforcement-verification.md,enforcement-verification.md,enforcement-verification
.claude/modules/patterns/error-handling-monitoring.md,error-handling-monitoring.md,error-handling-monitoring
.claude/modules/patterns/error-recovery-pattern.md,error-recovery-pattern.md,error-recovery-pattern
.claude/modules/patterns/error-recovery.md,error-recovery.md,error-recovery
.claude/modules/patterns/file-ownership.md,file-ownership.md,file-ownership
.claude/modules/patterns/framework-operations-safety.md,framework-operations-safety.md,framework-operations-safety
.claude/modules/patterns/implementation-pattern.md,implementation-pattern.md,implementation-pattern
.claude/modules/patterns/integration-pattern.md,integration-pattern.md,integration-pattern
.claude/modules/patterns/intelligent-routing.md,intelligent-routing.md,intelligent-routing
.claude/modules/patterns/module-composition-framework.md,module-composition-framework.md,module-composition-framework
.claude/modules/patterns/multi-agent.md,multi-agent.md,multi-agent
.claude/modules/patterns/parallel-execution.md,parallel-execution.md,parallel-execution
.claude/modules/patterns/pattern-library.md,pattern-library.md,pattern-library
.claude/modules/patterns/performance-optimization-pattern.md,performance-optimization-pattern.md,performance-optimization-pattern
.claude/modules/patterns/performance-optimization.md,performance-optimization.md,performance-optimization
.claude/modules/patterns/prompt-construction-visualization.md,prompt-construction-visualization.md,prompt-construction-visualization
.claude/modules/patterns/quality-validation-pattern.md,quality-validation-pattern.md,quality-validation-pattern
.claude/modules/patterns/research-analysis-pattern.md,research-analysis-pattern.md,research-analysis-pattern
.claude/modules/patterns/runtime-execution-dashboard.md,runtime-execution-dashboard.md,runtime-execution-dashboard
.claude/modules/patterns/session-management-pattern.md,session-management-pattern.md,session-management-pattern
.claude/modules/patterns/setup-orchestration-pattern.md,setup-orchestration-pattern.md,setup-orchestration-pattern
.claude/modules/patterns/tdd-cycle-pattern.md,tdd-cycle-pattern.md,tdd-cycle-pattern
.claude/modules/patterns/technology-detection.md,technology-detection.md,technology-detection
.claude/modules/patterns/template-customization-pattern.md,template-customization-pattern.md,template-customization-pattern
.claude/modules/patterns/template-systems.md,template-systems.md,template-systems
.claude/modules/patterns/thinking-pattern-template.md,thinking-pattern-template.md,thinking-pattern-template
.claude/modules/patterns/tool-usage.md,tool-usage.md,tool-usage
.claude/modules/patterns/user-interaction-pattern.md,user-interaction-pattern.md,user-interaction-pattern
.claude/modules/patterns/validation-pattern.md,validation-pattern.md,validation-pattern
.claude/modules/patterns/validation-reporting.md,validation-reporting.md,validation-reporting
.claude/modules/patterns/workflow-implementation-examples.md,workflow-implementation-examples.md,workflow-implementation-examples
.claude/modules/patterns/workflow-orchestration-engine.md,workflow-orchestration-engine.md,workflow-orchestration-engine
.claude/modules/README.md,,README
